date,Gross Domestic Product,Gross National Product,Gross domestic product per capita,Sticky Price Consumer Price Index less Food and Energy,Producer Price Index by Commodity: All Commodities,Unemployment Rate,Labor Force Participation Rate,Personal Consumption Expenditures,Net domestic investment: Private: Domestic business,Federal Government: Current Expenditures,"Trade Balance: Goods and Services, Balance of Payments Basis",Balance on current account,U.S. Dollars to Euro Spot Exchange Rate,Japanese Yen to U.S. Dollar Spot Exchange Rate,Federal Funds Effective Rate,M1,M2,Federal Debt: Total Public Debt,Federal Surplus or Deficit [-],Advance Retail Sales: Retail Trade,Industrial Production: Total Index,New Privately-Owned Housing Units Started: Total Units,Total Construction Spending: Total Construction in the United States,Consumer Opinion Surveys: Confidence Indicators: Composite Indicators: OECD Indicator for United States,Business Tendency Surveys (Manufacturing): Confidence Indicators: Composite Indicators: OECD Indicator for United States,Leading Index for the United States,Retail Inventories: Clothing and Clothing Accessory Stores,Total Business Inventories,5-Year High Quality Market (HQM) Corporate Bond Par Yield,Corporate Profits After Tax (without IVA and CCAdj),Real Exports of Goods and Services,"Rest of the World; Foreign Direct Investment in U.S.; Asset (Current Cost), Transactions",Equity Market Volatility Tracker: Exchange Rates,Producer Price Index by Commodity: Metals and Metal Products: Gold Ores,15-Year Fixed Rate Mortgage Average in the United States,Disposable Personal Income,CBOE Volatility Index: VIX,ICE BofA US High Yield Index Effective Yield,Employment Cost Index: Total compensation: All Civilian,Federal Debt: Total Public Debt as Percent of Gross Domestic Product,Personal Saving,Gross Domestic Product (Growth),Gross National Product (Growth),Gross domestic product per capita (Growth),Sticky Price Consumer Price Index less Food and Energy (Growth),Producer Price Index by Commodity: All Commodities (Growth),Unemployment Rate (Growth),Labor Force Participation Rate (Growth),Personal Consumption Expenditures (Growth),Net domestic investment: Private: Domestic business (Growth),Federal Government: Current Expenditures (Growth),"Trade Balance: Goods and Services, Balance of Payments Basis (Growth)",Balance on current account (Growth),U.S. Dollars to Euro Spot Exchange Rate (Growth),Japanese Yen to U.S. Dollar Spot Exchange Rate (Growth),Federal Funds Effective Rate (Growth),M1 (Growth),M2 (Growth),Federal Debt: Total Public Debt (Growth),Federal Surplus or Deficit [-] (Growth),Advance Retail Sales: Retail Trade (Growth),Industrial Production: Total Index (Growth),New Privately-Owned Housing Units Started: Total Units (Growth),Total Construction Spending: Total Construction in the United States (Growth),Consumer Opinion Surveys: Confidence Indicators: Composite Indicators: OECD Indicator for United States (Growth),Business Tendency Surveys (Manufacturing): Confidence Indicators: Composite Indicators: OECD Indicator for United States (Growth),Leading Index for the United States (Growth),Retail Inventories: Clothing and Clothing Accessory Stores,Total Business Inventories (Growth),5-Year High Quality Market (HQM) Corporate Bond Par Yield (Growth),Corporate Profits After Tax (without IVA and CCAdj) (Growth),Real Exports of Goods and Services (Growth),"Rest of the World; Foreign Direct Investment in U.S.; Asset (Current Cost), Transactions (Growth)",Equity Market Volatility Tracker: Exchange Rates (Growth),Producer Price Index by Commodity: Metals and Metal Products: Gold Ores (Growth),15-Year Fixed Rate Mortgage Average in the United States (Growth),Disposable Personal Income (Growth),CBOE Volatility Index: VIX (Growth),ICE BofA US High Yield Index Effective Yield (Growth),Employment Cost Index: Total compensation: All Civilian (Growth),Federal Debt: Total Public Debt as Percent of Gross Domestic Product (Growth),Personal Saving (Growth)
1/01/2001,10470.231,10510.297,36845,2.950053633,137.767,4.2,67.2,6995.3,414.895,1982.626,-32438,-107136,0.922,118.25,5.6,1101.9,5020.8,5773740,-7483.666667,251895,91.4115,1605,818728,100.7917994,97.47760327,0.69,36575,1191871,6.35,528.836,-4.9,236820,0.34586,81.7,6.59,7707.3,25.73,12.99,84.7,55.14434,392.3,0.33047,0.18938,0.10052,0.61014,1.64781,8.54701,0.3986,1.10861,-23.57829,2.26068,-2.21662,0.80637,6.19328,7.64946,-13.55839,0.58633,2.74453,1.96962,857.39872,0.4621,-1.23,3.95078,0.3478,-1.25867,-1.05805,-30.06757,0.38608,-0.20205,-10.80955,7.52852,25.64103,-39.19648,36.70127,-1.04966,-9.66994,1.5633,-1.1155,-5.83002,0,1.63375,11.72283
4/1/2001,10599,10647.427,37211,3.1323022,136.233,4.4,66.8,7042.2,384.743,2003.581,-28922,-95251,0.8736,122.62,4.33,1121.8,5146.9,5726815,64579.66667,254668,90.2516,1630,848756,100.6275136,97.72402941,0.43,36283,1179906,6.21,551.684,-11.2,238256,0.16107,81.2,6.66,7723.6,23.92,13.04,85.5,54.03165,361.7,1.22986,1.30472,0.99335,6.17781,-1.11299,3.93701,-0.59553,0.67093,-7.26738,1.05693,-10.83903,-11.09338,-5.24261,3.69039,-22.69603,1.80249,2.51295,-0.81273,-962.94152,1.10059,-1.26888,1.55763,3.66768,-0.163,0.2528,-37.19807,-0.79926,-1.00386,-2.3085,4.32043,128.57143,0.60637,-53.42862,-0.612,1.07401,0.21149,-7.00696,0.37295,0.94451,-2.01778,-7.80799
7/1/2001,10598.02,10623.039,37110,3.293857767,133.367,4.8,66.7,7070.3,336.012,2037.703,-29404,-103435,0.8908,121.63,3.5,1157.4,5240.9,5807464,-13889.66667,252467,89.0088,1600,845116,100.2850039,98.31515386,0.2,36274,1161962,5.82,505.61,-19,56512,0.25789,84.467,6.51,7896.1,25.38,13.1,86.4,54.79763,507,-0.00925,-0.22905,-0.27143,5.15773,-2.10423,9.84848,-0.09985,0.39902,-12.66586,1.70305,1.66653,8.59204,1.96428,-0.80656,-19.07183,3.1736,1.82648,1.40827,-121.5078,-0.864,-1.37697,-1.86094,-0.42886,-0.34037,0.60489,-54.61538,-0.02572,-1.5208,-6.22986,-8.35152,69.64286,-76.28098,60.1072,4.02299,-2.29845,2.23298,6.0882,0.45458,1.05263,1.41765,40.18063
10/1/2001,10660.465,10748.408,37234,3.560389167,129.4,5.5,66.7,7187.3,229.85,2045.404,-29360,-88263,0.8951,123.74,2.13,1179,5384.5,5943439,-11785.33333,261687,88.0348,1570,846514,99.95170808,98.20266979,-0.26,36109,1127980,5.45,489.453,-13.2,140596,0.27196,85.267,6.25,7768.1,27.91,13.22,87.2,55.75216,270.2,0.58921,1.18016,0.33414,8.09177,-2.97426,13.7931,0,1.65433,-31.5947,0.37793,-0.15191,-14.66815,0.48888,1.73812,-39.15689,1.87093,2.73964,2.34138,-15.15035,3.65196,-1.09431,-1.85455,0.16538,-0.33235,-0.11441,-230.50847,-0.45488,-2.92454,-6.30011,-3.19555,-30.52632,148.78964,5.45581,0.94712,-3.90117,-1.62106,9.96701,0.86613,0.92593,1.74192,-46.70304
1/1/2002,10783.5,10833.143,37582,3.529122167,128.9,5.7,66.6,7217.7,269.353,2091.469,-31113,-102608,0.877,132.42,1.73,1186.5,5477.2,6006032,-32188.33333,257012,88.6851,1723,855181,100.796158,99.72872722,0.58,35242,1112480,5.65,538.088,9,98976,0.50059,89.367,6.46,7966.4,21.36,12.41,87.9,55.6965,445.7,1.15412,0.78835,0.93463,-0.87819,-0.3864,3.63636,-0.09995,0.42343,17.18643,2.25212,5.97305,16.25256,-2.02269,7.01623,-18.66032,0.63694,1.7212,1.05314,173.12196,-1.78661,0.73872,9.74522,1.02389,0.84486,1.55399,-327.27273,-2.39924,-1.37417,3.60636,9.9366,-168.18182,-29.60255,84.06751,4.80844,3.33374,2.55276,-23.46531,-6.07268,0.80275,-0.09983,64.94388
4/1/2002,10887.46,10918.384,37860,3.397329567,130.833,5.8,66.7,7308,266.956,2130.186,-34241,-114669,0.9186,126.92,1.75,1192.6,5523.2,6126469,5203.333333,259564,90.0547,1691,851984,100.9437126,100.3440269,0.78,35438,1110068,5.53,596.152,12.4,29880,0.22497,94.1,6.29,8090.3,21.64,11.88,88.8,56.27087,484.2,0.96407,0.78685,0.73972,-3.73443,1.49987,2.33918,0.05003,1.25016,-0.88991,1.85119,10.0525,11.75444,4.73472,-4.15417,1.07621,0.51206,0.83985,2.00527,-116.16528,0.99295,1.5443,-1.85723,-0.37384,0.14639,0.61697,33.14286,0.5552,-0.21678,-2.18289,10.7908,37.77778,-69.81086,-55.0597,5.29653,-2.71429,1.55613,1.32154,-4.31964,1.02389,1.03125,8.62249
7/1/2002,10984.04,11027.515,38099,3.156120133,131.667,5.7,66.6,7397.1,252.924,2148.447,-35462,-114854,0.9842,119.27,1.74,1191.8,5610.1,6228236,-13826.66667,262813,90.6104,1697,839424,100.1572313,99.60661829,1,36426,1122998,4.72,652.139,1.3,57312,0.45322,96.133,5.71,8144.2,35.07,13.23,89.5,56.7026,453.2,0.88708,0.99952,0.63127,-7.09997,0.63694,-1.71429,-0.1,1.22013,-5.2563,0.85725,3.5659,0.16133,7.14401,-6.0305,-0.60912,-0.06703,1.57298,1.6611,-365.7271,1.25159,0.61703,0.37453,-1.47425,-0.77913,-0.73488,28.75536,2.78797,1.16473,-14.53559,9.3914,-89.51613,91.80723,101.46096,2.16082,-9.12873,0.66623,62.03038,11.415,0.78829,0.76724,-6.39587
10/1/2002,11061.433,11120.565,38274,2.861254367,133.067,5.9,66.4,7473,238.02,2184.697,-39406,-123975,1.0003,122.52,1.44,1215.1,5748.1,6405707,-36078.66667,263817,90.5639,1730,846769,99.72473977,99.47593779,0.75,37025,1134178,4.48,725.113,-5.8,157664,0.18222,97.5,5.47,8234.1,30.73,13,90.1,57.91028,466.8,0.7046,0.8438,0.45933,-9.34267,1.06329,2.32558,-0.25025,1.02517,-5.89268,1.68727,11.12082,7.94139,1.63581,2.72666,-17.03921,1.95306,2.46024,2.84946,160.93539,0.38215,-0.05132,1.90495,0.87508,-0.43181,-0.1312,-24.66667,1.64443,0.99558,-5.08116,11.18995,-546.15385,175.09771,-59.79362,1.42164,-4.22839,1.10385,-12.3807,-1.77338,0.67039,2.12985,3.00824
1/1/2003,11174.129,11217.689,38584,2.706666567,138.033,5.9,66.4,7567.1,231.898,2220.262,-41681,-135362,1.0733,118.93,1.25,1232.9,5832.4,6460776,-48302.33333,266079,91.1305,1736,858071,99.46827264,99.18412917,0.69,38011,1145591,4,721.524,-1.2,153156,0.24785,108.033,5.2,8292.3,30.02,11.32,91.2,57.81906,432.6,1.01882,0.87337,0.80995,-5.4028,3.73246,0,-0.10035,1.2601,-2.57205,1.62791,5.77497,9.18492,7.30203,-2.92784,-13.47232,1.46937,1.46577,0.85969,33.88059,0.85754,0.62571,0.36616,1.33464,-0.25718,-0.29335,-8.40708,2.66217,1.00631,-10.70632,-0.49496,-79.31034,-2.85924,36.01259,10.80342,-4.86502,0.70641,-2.29148,-12.91151,1.22087,-0.15752,-7.32596
4/1/2003,11312.766,11369.131,38976,2.3597466,137.167,6.1,66.4,7661.5,227.254,2299.919,-40926,-129336,1.1356,118.55,1.25,1270.3,5956.2,6670121,-5523.666667,268318,90.4524,1754,869046,100.2531487,99.06129183,0.43,38025,1145893,3.45,723.377,0.7,-16232,0.39158,104.2,4.87,8404.9,21.53,9.48,92,58.96101,447.1,1.2407,1.35003,1.01597,-12.81724,-0.62787,4.54545,0.10045,1.24662,-2.0026,3.58773,-1.81216,-4.45177,5.80477,-0.32056,-0.23713,3.02783,2.12264,3.24025,-88.56439,0.84148,-0.74413,1.01767,1.27907,0.78907,-0.12385,-37.68116,0.03771,0.0263,-13.82182,0.25682,-158.33333,-110.59834,57.99285,-3.54829,-6.47354,1.35748,-28.28318,-16.23866,0.87719,1.97504,3.35157
7/1/2003,11566.669,11621.172,39752,2.1956631,138.067,6.1,66.1,7820.9,253.834,2309.622,-41018,-130105,1.1264,117.41,1.02,1288.4,6063.9,6783320,-35808.33333,275916,91.0528,1890,901564,100.4332286,100.1854188,1.18,38270,1136543,3.93,763.915,11.4,28,0.21548,109.867,5.36,8608.3,19.32,9.05,92.9,58.64541,491.2,2.24439,2.21689,1.99097,-6.95344,0.65614,0,-0.45158,2.08141,11.69616,0.42188,0.22561,0.59458,-0.81205,-0.96622,-18.43706,1.42491,1.80821,1.69711,548.27108,2.83146,0.66374,7.75518,3.7418,0.17963,1.13478,175.1938,0.64431,-0.81593,13.91304,5.60399,1528.57143,-100.1725,-44.97165,5.43826,10.05057,2.42042,-10.26931,-4.54823,0.97826,-0.53527,9.86283
10/1/2003,11772.234,11851.792,40362,2.057973133,139.233,5.8,66,7913.5,301.419,2344.18,-41789,-127490,1.192,108.78,1,1303.6,6073.9,6997964,-43385.33333,276891,91.9331,2036,933403,100.8295197,101.5135739,1.62,38423,1145336,3.94,816.612,19.2,141096,0.23789,117.733,5.25,8674.5,17.43,8.09,93.6,59.44466,455.7,1.77722,1.98448,1.53451,-6.271,0.845,-4.8913,-0.15121,1.18315,18.7465,1.49626,1.87802,-2.00992,5.82415,-7.34801,-1.97755,1.18159,0.1658,3.16429,21.15988,0.35361,0.9668,7.72623,3.53149,0.39458,1.3257,37.1831,0.39979,0.77363,0.16964,6.89828,68.42105,503814.2857,10.40004,7.16019,-2.02265,0.76864,-9.7979,-10.61423,0.7535,1.36285,-7.24028
1/1/2004,11923.447,12021.455,40801,2.048640233,142.2,5.7,66,8048.8,287.913,2381.04,-45317,-136989,1.2499,107.24,1,1315.3,6103.5,7131068,-57082.33333,282018,92.5823,1918,945832,101.2831288,102.1215437,1.53,38748,1158404,3.65,928.229,9.3,110320,0.34732,124.433,4.9,8780.1,16.66,7.44,94.6,59.8071,423.5,1.28449,1.43154,1.08766,-0.4535,2.13072,-2.28571,0,1.70974,-4.48081,1.5724,8.44328,7.45078,4.85628,-1.41823,0.51458,0.90107,0.48657,1.90204,31.57058,1.85151,0.70617,-5.76388,1.33165,0.44988,0.5989,-5.74949,0.84672,1.14103,-7.36664,13.6683,-51.5625,-21.8121,46.00165,5.69083,-6.68889,1.21813,-4.41335,-7.99198,1.06838,0.60971,-7.06657
4/1/2004,12112.815,12185.61,41358,2.2917045,146.267,5.6,66,8147.1,345.539,2400.4,-49668,-156109,1.2047,109.69,1.01,1341.1,6251.4,7274335,-8587,285112,93.1185,1937,975023,100.9512732,102.0434307,1.66,39787,1184876,4.41,967.703,8.6,136672,0.1909,119.033,5.46,8931,16.21,8.03,95.5,60.05487,470.5,1.5882,1.36552,1.36516,11.86466,2.85982,-1.75439,-0.05048,1.22172,20.01507,0.81309,9.60199,13.95733,-3.61917,2.28388,0.94329,1.95857,2.42435,2.00905,-84.95682,1.09721,0.5792,0.99044,3.08628,-0.32765,-0.07649,8.27887,2.67969,2.28521,20.84095,4.25261,-7.52688,23.88687,-45.03777,-4.33967,11.48545,1.71865,-2.68215,7.89876,0.95137,0.41428,11.10674
7/1/2004,12305.307,12386.919,41911,2.253927533,147.7,5.4,66,8283.3,364.866,2428.795,-52313,-161502,1.2227,109.94,1.43,1346.2,6303.5,7379053,-28560.33333,289479,93.6419,1977,1010627,101.0741651,101.4147841,1.47,40388,1213812,4.22,1010.194,1.3,142076,0.05273,121.833,5.29,9039.2,15.45,7.74,96.4,59.96643,435.4,1.58916,1.65202,1.33711,-1.64842,0.97995,-2.97619,-0.05051,1.67217,5.59329,1.18293,5.32465,3.45464,1.49446,0.23348,41.47478,0.37857,0.83304,1.43955,232.59967,1.53168,0.56208,2.04749,3.65154,0.12173,-0.61606,-11.0664,1.51139,2.44206,-4.23601,4.39091,-84.88372,3.95399,-72.37773,2.35228,-3.08739,1.21151,-4.72003,-3.65244,0.94241,-0.14727,-7.46723
10/1/2004,12527.214,12581.653,42561,2.284106133,150.533,5.4,65.9,8448.7,393.647,2476.05,-56314,-181291,1.2991,105.67,1.95,1371.3,6398.1,7596143,-38783,297018,94.9699,1965,1025398,100.9842222,100.9104656,1.42,41237,1235195,4.11,1010.647,9.8,217856,0.36215,130.667,5.15,9231.7,13.65,7.12,97.1,60.63713,452.4,1.80334,1.57209,1.55091,1.33893,1.9183,0,-0.05053,1.99598,7.8881,1.94562,7.64883,12.2531,6.25304,-3.88456,36.28352,1.87028,1.50124,2.94198,35.79323,2.60433,1.41817,-0.59012,1.46157,-0.08899,-0.49728,-3.84615,2.10293,1.76164,-2.60664,0.04484,653.84615,53.33765,586.79436,7.25034,-2.76001,2.12887,-11.61904,-8.01915,0.72614,1.11846,3.91241
1/1/2005,12767.286,12854.364,43285,2.2827626,152.067,5.3,65.9,8551.7,440.062,2548.019,-55806,-170824,1.3112,104.54,2.47,1368.6,6424.2,7776939,-59135.66667,299520,96.2939,2072,1061558,100.8999419,100.542668,1.36,42415,1260972,4.42,1228.657,7.7,159904,0.2782,129.767,5.28,9172.9,12.79,7.12,98,60.91302,281.8,1.9164,2.16753,1.70109,-0.05882,1.0186,-2.45399,-0.10111,1.21992,11.79102,2.90661,-0.90326,-5.77359,0.93192,-1.06857,26.62244,-0.19745,0.40733,2.3801,52.47832,0.84237,1.39416,5.41045,3.5265,-0.08346,-0.36448,-3.76471,2.85663,2.08693,7.46148,21.57133,-21.42857,-26.60106,-23.17937,-0.68878,2.57139,-0.63694,-6.33163,0.10067,0.92688,0.45499,-37.70262
4/1/2005,12922.656,12996.998,43718,2.265677567,154.533,5.1,66.1,8701.1,382.475,2578.686,-57168,-180642,1.2591,107.53,2.94,1374.1,6492.3,7836496,14735.66667,305508,96.8358,2051,1093416,100.6314829,100.0757723,1.54,42879,1275703,4.53,1252.584,9.2,-32020,0.30916,128.4,5.28,9320.5,13.41,7.96,98.6,60.64153,265.6,1.21694,1.10962,1.00035,-0.74844,1.6221,-3.77358,0.35425,1.74701,-13.08611,1.20356,2.44121,5.74744,-3.97118,2.85943,19.14776,0.39905,1.06077,0.76582,-124.91841,1.9992,0.56272,-0.9815,3.00106,-0.26606,-0.46438,12.95844,1.09237,1.16823,2.56604,1.94741,19.48052,-120.02451,11.12615,-1.05317,-0.02915,1.60909,4.85096,11.72199,0.61224,-0.4457,-5.74808
7/1/2005,13142.642,13225.668,44350,2.299853833,158.7,5,66.1,8868.1,384.09,2617.33,-60643,-188193,1.2196,111.24,3.46,1368.8,6555.1,7932710,-23065.66667,311413,96.4238,2100,1132234,100.0857613,100.5700088,1.59,43360,1275911,4.66,1296.981,-0.1,155876,0.26613,132.667,5.35,9460.6,12.25,7.62,99.3,60.35856,231.4,1.70233,1.75941,1.44563,1.50843,2.69629,-2.61438,0.05043,1.91891,0.42225,1.49859,6.07799,4.18009,-3.14486,3.4442,17.61674,-0.38795,0.96694,1.22777,-256.52951,1.93274,-0.42543,2.37244,3.55013,-0.5423,0.49386,3.0303,1.12255,0.01628,2.86976,3.54443,-101.08696,-586.80824,-13.91743,3.32295,1.32672,1.5035,-8.62634,-4.20594,0.70994,-0.46663,-12.87489
10/1/2005,13324.204,13378.959,44850,2.408667233,164.3,5,66,8955.3,455.899,2649.819,-65231,-209573,1.189,117.28,3.98,1376.4,6652.2,8170413,-39794,312418,97.3041,2069,1172533,99.6195273,100.7997203,1.52,43258,1302101,5.06,1363.54,13,182860,0.16264,146.533,5.77,9615.9,12.78,8.09,100.1,61.32008,293,1.38147,1.15904,1.1274,4.73132,3.52867,0,-0.15121,0.98292,18.69588,1.2413,7.56563,11.36068,-2.50327,5.43591,14.97864,0.55974,1.48035,2.99649,72.52482,0.32283,0.91288,-1.49206,3.55922,-0.46583,0.22841,-4.20168,-0.23601,2.05268,8.58369,5.13184,-13100,17.3112,-38.88826,10.45226,7.95683,1.64154,4.33413,6.09346,0.80564,1.59301,26.61674
1/1/2006,13599.16,13654.952,45675,2.510497833,162.767,4.7,66.1,9100.2,486.2,2728.184,-63891,-199506,1.2033,116.88,4.45,1378.6,6739.3,8371156,-61184.66667,321129,98.2327,2120,1202150,100.3271094,100.3846869,1.68,43306,1330275,5.23,1387.911,17.2,180936,0.18897,163.133,5.86,9860.6,12.04,7.99,100.7,61.55642,386.6,2.06358,2.06289,1.83946,4.22767,-0.93325,-4.69799,0.10096,1.61804,6.64643,2.95737,-2.05425,-4.80358,1.19721,-0.34645,11.96126,0.1548,1.31027,2.45695,53.7535,2.78825,0.9544,2.49758,2.52593,0.71028,-0.41174,10.74561,0.11173,2.16368,3.42556,1.78733,32.30769,-1.05217,16.19151,11.32848,1.45275,2.54474,-5.78424,-1.28272,0.5994,0.38542,31.93038
4/1/2006,13753.424,13802.877,46089,2.8330273,165.4,4.6,66.1,9227.7,491.383,2749.085,-63740,-204953,1.2576,114.39,4.91,1389.4,6835.1,8420042,32150.33333,322513,98.8083,1855,1182002,99.7689031,100.1820068,1.21,44595,1362526,5.67,1425.152,7.6,266208,0.20976,190.167,6.23,9985,14.53,8.18,101.6,61.22142,372.3,1.13436,1.08331,0.9064,12.84723,1.61786,-2.11268,0.05043,1.40107,1.06602,0.76611,-0.2353,2.73024,4.51871,-2.12313,10.18096,0.78343,1.42128,0.58398,-152.54639,0.43088,0.58589,-12.51376,-1.67602,-0.55639,-0.2019,-27.92079,2.97572,2.42439,8.28025,2.68324,-55.81395,47.12827,11.00175,16.57131,6.37152,1.26192,20.64627,2.41487,0.89374,-0.54422,-3.70754
7/1/2006,13870.188,13906.646,46361,3.177041733,166.7,4.6,66.1,9353.8,506.621,2775.712,-66760,-218442,1.2741,116.28,5.25,1364.1,6892.2,8506974,-13904.66667,324255,99.2039,1702,1146529,99.86922647,99.86655342,0.87,45074,1389566,5.54,1444.791,-0.5,226284,0.10791,187.1,6.22,10077,13.61,8.3,102.6,61.3328,326.6,0.84898,0.75179,0.59016,12.143,0.78597,0,0,1.3669,3.10104,0.96858,4.73797,6.58151,1.3114,1.65224,6.88208,-1.81988,0.83596,1.03244,-143.2489,0.54003,0.40041,-8.23001,-3.0011,0.10056,-0.31488,-28.2967,1.07487,1.98455,-2.17647,1.37803,-106.57895,-14.9973,-48.55708,-1.61262,-0.13585,0.92138,-6.33774,1.50466,0.98425,0.18193,-12.26719
10/1/2006,14039.56,14083.697,46807,3.1878481,164.133,4.4,66.3,9427.4,476.254,2789.906,-60120,-193746,1.2898,117.76,5.24,1368.5,7015.7,8680224,-26800.66667,324290,99.4448,1570,1126690,100.7367413,99.41912187,0.97,46434,1405907,5.25,1398.202,16.1,315876,0.13816,182.933,5.96,10188.2,11.03,7.78,103.4,61.82689,349.1,1.22112,1.27314,0.96202,0.34014,-1.53969,-4.31655,0.25202,0.78649,-5.99403,0.51136,-9.94702,-11.30552,1.23339,1.26711,-0.04559,0.32369,1.79109,2.03656,92.74584,0.0109,0.24283,-7.77364,-1.73035,0.86865,-0.44803,11.11111,3.018,1.17603,-5.35177,-3.22462,-3320,39.59272,28.03349,-2.22697,-4.15533,1.1035,-18.9082,-6.26378,0.77973,0.80559,6.89937
1/1/2007,14215.651,14258.594,47289,3.138764533,166.7,4.5,66.3,9572.1,470.738,2869.326,-59559,-200315,1.3109,119.33,5.25,1366.5,7132.4,8849665,-59342.33333,328571,100.4623,1461,1141191,100.6826094,99.46623425,1.24,47729,1417495,5.26,1325.943,8.2,205600,0.23601,192.467,5.95,10357.5,12.56,7.45,104.2,62.25297,369.3,1.25425,1.24184,1.02976,-1.53971,1.56377,1.50376,0,1.5356,-1.15821,2.84669,-0.93314,3.39052,1.63674,1.33873,0.22165,-0.14334,1.66363,1.95203,121.42111,1.32011,1.02318,-6.92144,1.28707,-0.05374,0.04739,27.93103,2.78817,0.82421,0.1906,-5.16799,-49.06832,-34.91117,70.82539,5.21137,-0.18065,1.66172,13.85317,-4.25671,0.77369,0.68915,5.78576
4/1/2007,14402.082,14463.277,47802,2.7935353,172.833,4.5,66,9678.7,516.101,2905.202,-60021,-193334,1.3484,120.8,5.25,1383.8,7272.5,8867677,45818.66667,331613,101.6218,1451,1158561,100.1924278,99.86682321,0.98,47533,1437277,5.45,1400.804,6.2,268396,0.41408,199.633,6.06,10492.8,13.73,7.47,105.1,61.57219,383,1.31145,1.43551,1.08482,-10.99889,3.67926,0,-0.50277,1.11365,9.63657,1.25033,0.77627,-3.48501,2.85934,1.22663,-0.04069,1.26317,1.96417,0.20353,-177.21076,0.92573,1.1542,-0.70712,1.52206,-0.48686,0.40274,-20.48518,-0.41065,1.39556,3.61446,5.64587,-24.39024,30.5428,75.45126,3.72359,1.77094,1.30565,9.29907,0.28107,0.86372,-1.09357,3.69134
7/1/2007,14564.117,14681.751,48216,2.495687867,173.667,4.7,65.9,9798.4,526.445,2945.721,-58539,-175756,1.3748,117.74,5.07,1368.2,7330.4,9007653,-13518,333984,101.7066,1289,1157702,99.87992915,99.60454202,0.49,47424,1453520,5.6,1345.84,13.1,351856,0.1885,201.933,6.22,10570.4,21.59,8.65,105.9,61.84826,337.6,1.12508,1.51054,0.86607,-10.66203,0.48216,3.7037,-0.05053,1.23604,2.00426,1.39471,-2.46858,-9.09204,1.95273,-2.53006,-3.39024,-1.12845,0.79678,1.5785,-129.50326,0.71519,0.08338,-11.16471,-0.07414,-0.3119,-0.26263,-50.50847,-0.22931,1.13015,2.81518,-3.92375,111.29032,31.09584,-54.47703,1.15211,2.62924,0.73987,57.21931,15.74103,0.76118,0.44837,-11.83741
10/1/2007,14715.058,14875.943,48592,2.6241427,177.433,4.8,65.9,9937.1,512.035,2991.765,-58879,-167144,1.4482,113.23,4.5,1379.1,7433.5,9229172,-35605,338284,102.0339,1166,1133513,99.08130256,99.21911499,0.43,47272,1477074,5.29,1368.063,9.5,85004,0.14622,231.9,5.88,10694.8,22.03,8.99,106.8,62.71924,320.7,1.03639,1.32268,0.77982,5.14707,2.16891,2.85714,0,1.41622,-2.73723,1.56308,0.58081,-4.89997,5.34422,-3.83547,-11.40434,0.79528,1.40544,2.45923,163.38955,1.28739,0.32184,-9.54228,-2.08934,-0.79959,-0.38696,-11.64384,-0.32122,1.62043,-5.53571,1.65124,-27.48092,-75.84125,-22.42971,14.83988,-5.42079,1.17687,2.04101,3.95456,0.84986,1.40825,-5.00543
1/1/2008,14706.538,14857.342,48457,2.684124033,183.867,5,66.1,10004.5,453.758,3043.523,-61921,-182284,1.5007,105.17,3.18,1381.3,7602.7,9437594,-68645.33333,335730,101.7809,1064,1103814,98.28561307,99.04067939,0.31,47021,1505137,4.9,1260.771,6.5,362076,0.14561,224.233,5.38,10800.2,26.12,10.37,107.6,64.17278,366.9,-0.0579,-0.12504,-0.27782,2.28575,3.62577,4.16667,0.25278,0.67759,-11.38145,1.73002,5.1665,9.05806,3.6195,-7.11283,-29.23321,0.1626,2.27626,2.2583,92.79689,-0.75509,-0.24799,-8.74786,-2.62014,-0.80307,-0.17984,-28.68217,-0.52956,1.89991,-7.30939,-7.84262,-31.57895,325.95172,-0.41946,-3.30602,-8.55797,0.98553,18.56718,15.34811,0.74906,2.31753,14.40449
4/1/2008,14865.701,15023.21,48875,2.818849467,196,5.3,66,10129.9,430.645,3397.452,-62311,-179816,1.5625,104.62,2.08,1403.4,7735.8,9492006,8967.333333,337034,100.2465,1011,1097632,97.00408406,99.19274398,0.02,46573,1519572,5.38,1285.329,12.3,274716,0.18704,215.733,5.65,11117,20.67,10.25,108.3,63.85172,567.5,1.08226,1.1164,0.86262,5.01934,6.59898,6.66667,-0.10086,1.25377,-5.09368,11.62892,0.62875,-1.35393,4.12279,-0.52479,-34.47204,1.59717,1.75121,0.57655,-113.06328,0.38841,-1.50752,-5.01253,-0.56,-1.30388,0.15354,-93.47826,-0.95276,0.95909,9.72128,1.94786,89.23077,-24.12753,28.45566,-3.79069,5.18031,2.93297,-20.85437,-1.13193,0.65056,-0.50031,54.66933
7/1/2008,14898.999,15075.73,48865,3.058479533,200.467,6,66.1,10159.1,389.041,3194.11,-63225,-178194,1.503,107.58,1.94,1418.7,7765.9,10024725,-56315.66667,333053,96.9417,862,1072202,97.20100696,98.63100905,-0.6,46681,1534587,6.17,1226.043,-1.8,259444,0.17184,212.067,5.89,11011.1,25.09,11.6,109.1,67.28455,433,0.22399,0.34959,-0.02046,8.50099,2.27891,12.5,0.05048,0.28793,-9.66086,-5.98513,1.46738,-0.90203,-3.80845,2.83377,-6.91089,1.09079,0.3887,5.61229,-728.00907,-1.18109,-3.29664,-14.67678,-2.31684,0.203,-0.56631,-3100,0.23189,0.98809,14.62206,-4.61252,-114.63415,-5.5592,-8.12839,-1.69963,4.10884,-0.952,21.38058,13.15859,0.73869,5.37625,-23.70492
10/1/2008,14608.208,14704.022,47799,2.782029267,178.033,6.9,65.9,9906.9,233.582,3192.866,-49993,-156229,1.3202,96.01,0.51,1531.7,8048.5,10699805,-110829.3333,303396,92.7975,663,1030044,96.80523372,96.28231956,-1.61,46432,1492726,7.52,721.414,-21.5,377564,0.38372,195.4,5.56,10952,58.59,19.94,109.6,73.24516,646,-1.95175,-2.46561,-2.18152,-9.03881,-11.19056,14.44444,-0.25227,-2.48186,-39.95954,-0.03895,-20.92896,-12.32645,-12.165,-10.75778,-73.96102,7.96905,3.63929,6.73415,96.80018,-8.90469,-4.27497,-23.11558,-3.93194,-0.40717,-2.38129,168.33333,-0.53483,-2.72786,21.89189,-41.15916,1094.44444,45.52813,123.30508,-7.85916,-5.57744,-0.53733,133.48299,71.87123,0.4583,8.85881,49.18399
1/1/2009,14430.901,14551.583,47123,2.521774967,169.533,8.3,65.7,9815,-11.711,3322.767,-32771,-99402,1.3035,93.78,0.18,1579.6,8340.4,11126941,-149635,296201,87.5672,526,970200,96.7713861,96.06720371,-2.42,45239,1427104,6.23,1082.708,-28.3,-1288,0.24158,219.067,4.71,10854.7,45,18.85,109.9,77.10496,640.6,-1.21375,-1.03672,-1.41426,-9.35484,-4.77439,20.38835,-0.30349,-0.92831,-105.01366,4.06848,-34.44772,-36.37417,-1.26266,-2.32298,-63.49992,3.1252,3.62647,3.992,35.0139,-2.37127,-5.63622,-20.71393,-5.80982,-0.03496,-0.22342,50.31056,-2.56865,-4.39612,-17.11752,50.08137,31.62791,-100.34113,-37.04264,12.11191,-15.2701,-0.88842,-23.19222,-5.43021,0.27372,5.2697,-0.82564
4/1/2009,14381.236,14504.001,46865,2.2516231,171.333,9.3,65.7,9805.5,-121.936,3524.671,-27821,-87089,1.3619,97.42,0.18,1635,8437.4,11545275,-101630,297428,85.1442,534,921677,97.66871963,97.68778143,-1.42,43454,1371601,5.57,1161.627,2.7,128724,0.19904,227.167,4.63,10956.2,33.02,15.16,110.2,80.28013,753.2,-0.34416,-0.32699,-0.5475,-10.71277,1.06174,12.5,0,-0.09645,941.20912,6.07638,-15.10466,-12.38707,4.47951,3.87687,-3.48206,3.50969,1.16375,3.75965,-32.0814,0.41413,-2.76702,1.6487,-5.00131,0.92727,1.68692,-41.18457,-3.94645,-3.88921,-10.5404,7.28904,-109.54064,-10094.09938,-17.61045,3.6975,-1.71379,0.9357,-26.63175,-19.58191,0.27298,4.11798,17.56595
7/1/2009,14448.882,14631.307,46977,1.769651967,173.867,9.6,65.3,9939.4,-147.195,3532.903,-33409,-91384,1.4304,93.54,0.15,1649.4,8397.2,11909828,-109814,304286,86.5898,588,899597,97.95095456,99.54750653,0.01,41994,1325261,4.27,1346.957,15.6,226532,0.10873,237.467,4.61,10898,25.49,11.68,110.7,82.42733,562.3,0.47038,0.87773,0.23898,-21.4055,1.4786,3.58423,-0.55809,1.36556,20.71497,0.23355,20.08531,4.93174,5.03226,-3.98,-13.29844,0.87884,-0.47745,3.15759,8.05274,2.30577,1.69779,10.10605,-2.39567,0.28897,1.90374,-100.70258,-3.35913,-3.37851,-23.38517,15.95435,477.77778,75.98272,-45.37355,4.53412,-0.48197,-0.53181,-22.8057,-22.96622,0.45372,2.67463,-25.34632
10/1/2009,14651.248,14826.345,47525,1.405783367,176.9,9.9,64.9,10005,4.416,3560.619,-37589,-101854,1.4762,89.88,0.12,1686.8,8486.6,12311349,-129353.3333,306414,87.9354,568,857498,98.18449314,100.3589909,0.43,41032,1329827,3.74,1462.942,24.4,276984,0.34292,272.567,4.38,11003.3,23.07,9.74,111.1,84.02935,602.6,1.40057,1.33302,1.16653,-20.56159,1.74463,3.11419,-0.71429,0.66,-103.0001,0.78451,12.50948,11.45715,3.19674,-3.90939,-23.30986,2.26704,1.0652,3.37134,17.79312,0.69934,1.55399,-3.51275,-4.6798,0.23842,0.81517,4166.66667,-2.2908,0.34451,-12.41218,8.61089,56.41026,22.27147,215.39947,14.78102,-4.97185,0.96624,-9.47325,-16.65175,0.36134,1.94355,7.17335
1/1/2010,14764.611,14968.896,47797,1.05456261,182.067,9.8,64.9,10101.8,53.646,3710.549,-39840,-103034,1.3821,90.66,0.13,1698.3,8515.1,12773123,-109643.3333,310851,89.6101,618,819616,98.50696896,101.1225413,0.8,40556,1341830,3.69,1530.604,9.9,152096,0.16737,278.3,4.38,11129.4,20.15,8.82,111.8,86.51175,634.3,0.77374,0.96147,0.57233,-24.98399,2.92067,-1.00671,0,0.96785,1114.80978,4.21078,5.98851,1.15852,-6.37173,0.8611,13.11091,0.68359,0.33582,3.7508,-15.23733,1.44793,1.90443,8.86671,-4.4177,0.32844,0.76082,87.5,-1.16007,0.9026,-1.24777,4.62506,-59.42623,-45.08852,-51.1922,2.10346,0.00816,1.14633,-12.66565,-9.35906,0.63006,2.95421,5.25501
4/1/2010,14980.193,15187.024,48403,0.820244103,184.233,9.6,64.9,10208.1,144.603,3745.712,-43633,-111736,1.274,92.08,0.19,1718.2,8597.7,13201792,-95679.33333,316269,91.3536,602,825018,98.46983765,100.968049,1.34,40906,1359855,3.64,1517.068,9.1,127132,0.30021,293.233,4.3,11331.4,26.39,8.72,112.3,88.12832,735.4,1.46013,1.45721,1.26786,-22.2195,1.19004,-2.0339,0.05139,1.05228,169.55039,0.94765,9.52234,8.44576,-7.82268,1.57085,43.38607,1.1713,0.97013,3.35602,-12.73584,1.74317,1.94569,-2.589,0.65909,-0.03769,-0.15278,67.08333,0.86383,1.34334,-1.5343,-0.88436,-8.08081,-16.41332,79.36549,5.36591,-1.77042,1.81501,30.97696,-1.14841,0.44723,1.86861,15.93967
7/1/2010,15141.605,15339.711,48821,0.704278477,184.633,9.5,64.6,10300.8,254.532,3792.438,-43854,-116619,1.2938,85.74,0.19,1731.6,8609.4,13561622,-96725.33333,317557,92.5662,580,803151,97.98271069,100.4720829,0.94,41245,1392973,2.99,1600.154,11.9,334432,0.2585,302.5,3.92,11425.7,24.28,8.33,112.8,89.56529,740.5,1.0775,1.00538,0.86358,-14.13794,0.21712,-1.7301,-0.41089,0.90745,76.02124,1.24745,0.50497,4.37012,1.5575,-6.88834,-1.65314,0.78078,0.13626,2.72561,1.09324,0.40725,1.32733,-3.70986,-2.65053,-0.4947,-0.49121,-29.92519,0.82791,2.43543,-17.87351,5.47675,30.76923,163.05887,-13.8925,3.16017,-8.83721,0.8322,-7.98682,-4.51183,0.44524,1.63054,0.69353
10/1/2010,15309.471,15522.781,49256,0.779456523,188,9.5,64.4,10430.3,234.148,3809.802,-40369,-100621,1.3586,82.54,0.19,1815.4,8772,14025215,-122986.6667,327034,92.9554,542,798306,98.24784753,101.0082698,1.24,41603,1436283,2.9,1599.159,11.4,228520,0.31683,343.967,3.82,11541,19.32,7.53,113.3,91.61136,727.1,1.10864,1.19344,0.89101,10.67448,1.82343,0.35211,-0.30944,1.25784,-8.00842,0.45786,-7.94688,-13.71818,5.00749,-3.72805,0.40299,4.83628,1.88845,3.41842,27.15042,2.98424,0.42046,-6.44048,-0.60321,0.2706,0.53367,32.02847,0.86798,3.10918,-3.01339,-0.06218,-4.20168,-31.66922,22.56322,13.70799,-2.55102,1.00942,-20.44655,-9.55436,0.44326,2.28445,-1.80067
1/1/2011,15351.444,15574.331,49302,1.09000671,195.9,9,64.2,10558.2,185.387,3811.259,-45729,-119236,1.3699,82.24,0.15,1875.2,8908.4,14270114,-153485.6667,334853,93.4565,582,762499,98.49828131,101.3716469,1.52,42390,1474693,3.3,1464.223,3.5,170096,0.22971,353.6,4.12,11749.3,18.61,7.16,114,92.95617,811.4,0.27416,0.33209,0.09339,39.84189,4.20213,-4.91228,-0.41386,1.22591,-20.82486,0.03824,13.27928,18.50011,0.83018,-0.37091,-18.4684,3.29791,1.55494,1.74613,24.79862,2.39098,0.53908,7.37554,-4.48537,0.2549,0.35975,23.18059,1.89089,2.67422,13.80898,-8.43794,-69.29825,-25.56625,-27.49845,2.80066,7.95409,1.80458,-3.64211,-4.93608,0.61783,1.46795,11.59347
4/1/2011,15557.535,15780.006,49873,1.258666033,203.7,9.1,64.1,10673,248.99,3849.373,-46764,-119435,1.4399,81.56,0.09,1933.3,9058.6,14343087,-47036,340121,93.8256,574,779842,98.14392848,100.6834443,1.35,43144,1516990,3.07,1529.084,6.9,247568,0.19256,386.667,3.84,11834.7,17.48,7.07,114.7,92.19383,780.7,1.34249,1.3206,1.15817,15.47324,3.98162,0.369,-0.1039,1.08762,34.30823,1.00004,2.26259,0.1669,5.11153,-0.8231,-38.78228,3.0954,1.68605,0.51137,-69.35479,1.57303,0.39494,-1.37378,2.27454,-0.35976,-0.67889,-11.15974,1.78031,2.86824,-6.77452,4.42972,97.14286,45.54604,-16.1728,9.35143,-6.77112,0.72714,-6.08363,-1.26135,0.61404,-0.82011,-3.79164
7/1/2011,15647.681,15893.499,50056,1.602472367,203.833,9,64.1,10755,245.006,3783.833,-44866,-106860,1.4123,77.62,0.08,2057.9,9397.6,14790340,-108756.3333,342958,94.8727,619,805998,96.99227192,99.90732311,1.44,43917,1537889,2.95,1539.465,5.6,270528,0.29766,440.4,3.47,11942.4,30.58,8.1,115.1,94.52097,807.1,0.57944,0.71922,0.36693,27.31514,0.06546,-0.73529,0,0.76829,-1.60006,-1.70261,-4.05796,-10.52874,-1.92058,-4.82707,-11.65606,6.44658,3.74212,3.11825,131.21935,0.83431,1.11604,7.83517,3.35397,-1.17344,-0.77085,6.65025,1.79012,1.37762,-3.90456,0.6789,-18.84058,9.27422,54.58134,13.89655,-9.66387,0.90947,74.93952,14.56305,0.34874,2.52418,3.39026
10/1/2011,15842.267,16102.819,50573,1.909977133,200.767,8.6,64.1,10809.2,397.948,3786.535,-47481,-109771,1.3476,77.34,0.07,2159.1,9622.4,15222940,-107245,348761,95.8592,672,813932,97.49777351,99.71914664,1.7,44663,1558827,3.01,1617.095,3,280432,0.44431,436.9,3.3,12016,29.94,8.81,115.6,96.09067,824.8,1.24355,1.31702,1.03284,19.1894,-1.5045,-4.07407,-0.052,0.50333,62.42378,0.07141,5.82694,2.72413,-4.57695,-0.36169,-11.05332,4.91535,2.39177,2.92488,-1.38965,1.69195,1.03978,8.44995,0.98433,0.52118,-0.18835,17.78291,1.69867,1.36152,1.80587,5.04266,-46.42857,3.66099,49.26817,-0.79473,-5.11628,0.61657,-2.10593,8.71712,0.4344,1.66069,2.18882
1/1/2012,16068.824,16315.076,51205,2.086292467,202.167,8.3,63.8,10959.3,418.131,3774.361,-47552,-113912,1.3121,79.4,0.1,2216.5,9810.6,15606518,-152413.6667,356124,96.8223,707,828089,98.70461819,100.0390305,1.93,44629,1584942,2.52,1880.022,5,155892,0.08416,432.167,3.19,12318,18.2,7.46,116.3,97.12296,975.5,1.43008,1.31814,1.24968,9.23128,0.69733,-4.2471,-0.46826,1.38894,5.07177,-0.32151,0.14953,3.7724,-2.63238,2.6654,40.11953,2.66033,1.9557,2.51974,42.11727,2.11128,1.0047,5.31017,1.73934,1.23782,0.32078,13.72549,-0.07613,1.6753,-16.07539,16.25922,66.66667,-44.41005,-81.05738,-1.08339,-3.26797,2.51304,-39.19732,-15.26342,0.60554,1.07429,18.27514
4/1/2012,16207.13,16435.293,51554,2.208074633,201.8,8.2,63.7,11005,458.923,3772.881,-44963,-110004,1.2836,80.07,0.15,2262.2,9928.7,15855037,-41753.33333,354823,97.4251,739,850226,98.80458202,99.85783866,1.68,45182,1606450,2.35,1801.743,4,303700,0.17505,412.567,3.04,12458.2,20.04,7.43,116.8,97.82754,1068.1,0.86071,0.73685,0.68157,5.83725,-0.18137,-0.80645,-0.05227,0.4173,9.75579,-0.03921,-5.4439,-3.43072,-2.17891,0.84333,46.20253,2.06007,1.20412,1.59241,-72.60526,-0.36542,0.62265,4.52403,2.67326,0.10128,-0.18112,-12.93103,1.23911,1.35698,-6.86922,-4.16373,-20,94.81436,107.9924,-4.53529,-4.56081,1.13817,10.06196,-0.50093,0.42992,0.72545,9.48883
7/1/2012,16319.54,16548.815,51803,2.217818267,202.4,8,63.6,11059.4,437.099,3777.297,-41743,-98866,1.2508,78.6,0.14,2329.7,10066,16066240,-61652.33333,357780,97.4122,780,862749,98.79613282,99.42034728,1.51,46553,1633916,1.72,1818.331,2.5,175072,0.15146,419.1,2.84,12412.7,16.19,6.86,117.3,98.44787,970.7,0.69358,0.69072,0.48299,0.44127,0.29732,-2.03252,-0.20921,0.49371,-4.75548,0.11705,-7.1607,-10.12509,-2.55472,-1.83225,-5.22617,2.9842,1.38294,1.33209,47.65847,0.83347,-0.01328,5.54554,1.47298,-0.00855,-0.43811,-10.29703,3.03442,1.70973,-26.66667,0.92066,-37.5,-42.35364,-13.4797,1.58358,-6.72566,-0.36522,-19.18558,-7.60376,0.42808,0.63411,-9.119
10/1/2012,16420.386,16647.723,52015,2.1709293,202.267,7.8,63.7,11165.7,392.318,3769.473,-41044,-95400,1.2977,81.21,0.16,2448.7,10362.2,16432730,-97766,362893,97.8916,908,873076,99.12850342,99.3457992,1.59,46788,1651975,1.52,1785.961,0.4,211204,0.14105,442.033,2.67,12830.5,16.77,6.45,117.8,100.07517,1278,0.61795,0.59767,0.40924,-2.11419,-0.06588,-2.90456,0.15723,0.96118,-10.24505,-0.20713,-1.67452,-3.50576,3.75108,3.3082,11.67169,5.10899,2.94294,2.28112,58.57632,1.42909,0.49217,16.36053,1.19691,0.33642,-0.07498,5.29801,0.50624,1.10528,-11.79884,-1.7802,-84,20.63837,-6.87105,5.47204,-5.90946,3.36645,3.54041,-6.03904,0.42626,1.65296,31.65413
1/1/2013,16629.05,16845.017,52591,2.104738867,203.6,7.7,63.5,11265.6,456.355,3759.998,-38484,-90923,1.3196,92.25,0.14,2463.1,10527.3,16771381,-102394.3333,369370,98.6517,953,866938,98.86746069,99.82299927,1.84,47397,1671768,1.63,1766.372,1.9,142684,0.08518,420.3,2.74,12369.5,13.53,5.99,118.4,100.85592,717.6,1.27076,1.18511,1.10737,-3.04894,0.6592,-0.8547,-0.3663,0.89501,16.32273,-0.25136,-6.23716,-4.69287,1.69303,13.60481,-10.87435,0.58909,1.59253,2.06083,4.73409,1.78473,0.7764,4.99266,-0.70296,-0.26334,0.48034,15.51363,1.30018,1.19814,7.01754,-1.09683,375,-32.44257,-39.61007,-4.91667,2.50648,-3.59325,-19.31405,-7.10914,0.50934,0.78016,-43.8483
4/1/2013,16699.551,16928.625,52724,1.906615933,203.967,7.5,63.4,11291,458.27,3777.383,-38205,-89161,1.3064,98.68,0.12,2531.4,10629.1,16738320,30219.33333,369124,99.0883,868,889258,99.52283008,99.61973917,1.65,48067,1674795,1.75,1757.557,3.7,256596,0.19997,371.9,2.84,12470.4,14.84,5.88,119,100.23216,792.5,0.42396,0.49634,0.25289,-9.41318,0.18009,-2.58621,-0.10504,0.22517,0.41963,0.46237,-0.7267,-1.9379,-1.00044,6.96814,-19.37992,2.77189,0.96712,-0.19713,-129.5127,-0.06669,0.4426,-8.95105,2.57458,0.66288,-0.20362,-10.34483,1.4136,0.18105,7.37705,-0.49905,94.73684,79.83516,134.76559,-11.51558,3.76616,0.81599,9.68457,-1.7876,0.50676,-0.61847,10.43292
7/1/2013,16911.068,17151.537,53281,1.8908401,204.167,7.2,63.3,11379.2,530.233,3774.113,-37630,-85392,1.3252,98.89,0.09,2551.7,10736.4,16738180,-56796,372574,99.4903,882,928313,99.39756871,100.3171996,1.65,48825,1689199,2.4,1792.757,3.5,243816,0.16271,337.533,3.48,12569.2,14.28,6.46,119.5,98.97766,802.6,1.2666,1.31678,1.05644,-0.82743,0.09806,-3.9823,-0.2103,0.78145,15.70319,-0.08657,-1.50418,-4.22718,1.43376,0.21027,-26.42521,0.80362,1.00966,-0.00084,-287.94591,0.93483,0.40567,1.65131,4.39179,-0.12586,0.70012,0.40486,1.57698,0.86005,37.59542,2.00278,-5.40541,-4.98059,-18.63415,-9.24084,22.5623,0.79227,-3.75644,9.80708,0.42017,-1.25159,1.27871
10/1/2013,17133.114,17368.794,53866,1.877670867,201.9,6.9,62.9,11518.4,536.237,3773.864,-34635,-74041,1.3619,100.4,0.09,2644.7,11003.1,17156119,-57530.66667,374510,100.1547,1009,964849,98.97350301,100.4745036,1.48,49696,1718077,2.26,1838.838,12,225996,0.07856,327.4,3.35,12659.9,14.23,6.01,120.1,100.13427,751.3,1.31302,1.26669,1.09795,-0.69648,-1.1102,-4.14747,-0.57956,1.22299,1.13233,-0.0066,-7.95996,-13.29281,2.77425,1.53165,0.38265,3.64168,2.48399,2.49692,1.29352,0.51954,0.66784,14.35587,3.93578,-0.42664,0.15681,-10.68548,1.7853,1.70957,-6.10264,2.5704,242.85714,-7.30879,-51.71778,-3.00217,-3.8895,0.72134,-0.32826,-6.97689,0.50209,1.16856,-6.39588
1/1/2014,17144.281,17381.812,53804,1.810619167,205.5,6.7,63,11618.1,495.925,3820.883,-40164,-90914,1.3705,102.76,0.07,2729.8,11178.8,17601227,-80225.66667,377877,100.8447,934,988427,99.45002413,100.2610165,1.58,50580,1742236,2.24,1767.596,-3.8,-293968,0.28332,325.233,3.4,12880.3,14.83,5.71,120.5,102.6653,860.4,0.06518,0.07495,-0.1151,-3.571,1.78306,-3.84615,0.10599,0.86586,-7.51757,1.24591,15.96474,22.78873,0.62873,2.3496,-15.5725,3.21808,1.59697,2.59446,39.44853,0.89913,0.6889,-7.4331,2.44373,0.48146,-0.21248,7.22348,1.7788,1.40617,-0.59084,-3.87429,-131.66667,-230.07664,260.64155,-0.66178,1.72453,1.74093,4.18779,-4.97712,0.33306,2.52764,14.53101
4/1/2014,17462.703,17691.165,54703,2.0989122,208.2,6.2,62.8,11784.7,587.608,3877.657,-40735,-87169,1.3716,102.1,0.09,2805.3,11314,17632606,15800.33333,386955,102.2335,987,1006824,99.55222764,100.5012194,1.86,50319,1764623,2.21,1865.14,8.9,316280,0.11486,326,3.31,13116.2,12.74,5.41,121.4,100.97295,923.8,1.85731,1.77975,1.67088,15.92235,1.31387,-7,-0.21175,1.43368,18.48727,1.48589,1.42167,-4.11928,0.08002,-0.64069,25.98478,2.76608,1.20923,0.17828,-119.69486,2.40219,1.3772,5.67452,1.86121,0.10277,0.23958,17.68421,-0.51667,1.28496,-1.3373,5.51846,-334.21053,-207.58994,-59.45809,0.23573,-2.62206,1.83174,-14.09818,-5.14399,0.74689,-1.64841,7.36838
7/1/2014,17743.227,17995.3,55462,2.005786867,207.133,6.1,62.9,11934.3,622.19,3933.198,-39181,-89189,1.325,104,0.09,2819.2,11425.7,17824071,-39165,389569,102.8167,1031,1017307,99.65552033,100.7551668,1.88,50559,1779896,2.26,1917.769,1.6,424204,0.07688,328.267,3.26,13300.9,13.07,5.68,122.2,100.45563,950.7,1.60642,1.71913,1.38749,-4.43684,-0.51233,-2.15054,0.05305,1.26973,5.88522,1.43233,-3.81572,2.31734,-3.39475,1.85764,-2.04264,0.49686,0.98728,1.08586,-347.87452,0.67553,0.57046,4.42418,1.04119,0.10376,0.25268,0.71556,0.47696,0.86555,2.10843,2.82172,-82.02247,34.12293,-33.06538,0.6953,-1.57846,1.40792,2.62518,4.8705,0.65898,-0.51234,2.91178
10/1/2014,17852.54,18075.379,55683,1.993836767,200.433,5.7,62.9,12053.8,612.03,3929.666,-41238,-102784,1.2497,114.36,0.1,2901.6,11634.5,18141444,-58889,389931,103.4213,1049,1049241,100.4941398,100.6765803,1.93,51296,1789803,2.29,1879.109,3.3,401432,0.18252,304.6,3.17,13470.5,16.07,6.34,122.8,101.61828,988.7,0.61608,0.445,0.39847,-0.59578,-3.23463,-6.04396,0,1.00159,-1.63294,-0.0898,5.25004,15.24291,-5.68555,9.95773,13.65854,2.92197,1.82814,1.78059,50.36129,0.09301,0.58804,1.81113,3.1391,0.84152,-0.078,3.01954,1.45836,0.55661,1.47493,-2.01588,106.25,-5.36817,137.39432,-7.20959,-2.6752,1.27535,22.94627,11.69948,0.491,1.15738,3.9899
1/1/2015,17991.348,18214.218,56018,1.988929,191.533,5.5,62.7,12083.9,673.329,3973.876,-40500,-99395,1.1246,119.18,0.11,2984.1,11850.9,18152056,-86755.01998,386941,102.2664,977,1073628,101.1185375,99.99945422,1.7,51677,1794778,2.11,1770.989,-3.2,956604,0.46543,307.333,3.01,13593.1,16.56,6.38,123.6,100.89325,1074.9,0.77753,0.76811,0.60162,-0.24615,-4.44038,-2.92398,-0.21209,0.24971,10.01569,1.12503,-1.78882,-3.29721,-10.01392,4.21976,11.43538,2.84432,1.85991,0.0585,47.31957,-0.76672,-1.11669,-6.89327,2.32422,0.62133,-0.67258,-12.06897,0.74274,0.27793,-8.13953,-5.75379,-196.9697,138.29789,155.00868,0.89735,-5.14926,0.91013,3.06371,0.56806,0.65147,-0.71348,8.71881
4/1/2015,18193.707,18405.862,56547,2.081581033,193.033,5.4,62.8,12224.7,649.385,3993.062,-40254,-99475,1.1069,121.36,0.13,3009.8,11957.9,18151998,42034.85467,393413,100.835,1158,1136415,100.9482236,99.82660557,1.76,52029,1811838,2.21,1789.321,1.1,374936,0.14567,300.7,3.06,13696.9,13.74,6.2,123.8,99.77075,1027.7,1.12476,1.05217,0.94434,4.65839,0.78315,-1.80723,0.10627,1.16518,-3.55606,0.4828,-0.60658,0.08049,-1.57322,1.82642,11.26374,0.85993,0.90262,-0.00032,-148.45236,1.67252,-1.39965,18.5261,5.84811,-0.16843,-0.17285,3.52941,0.67986,0.95055,5.06329,1.03513,-134.375,-60.80552,-68.70157,-2.15835,1.50525,0.76338,-17.05184,-2.77764,0.16181,-1.11256,-4.39124
7/1/2015,18306.96,18520.403,56779,2.200372833,191.633,5.1,62.5,12347.7,624.54,4015.19,-42062,-109927,1.1119,122.17,0.13,3024,12071.8,18150618,-40848.91831,397150,100.9,1167,1160958,100.6270408,99.4982159,1.79,52598,1824519,2.5,1732.347,-3.3,254312,1.91814,283.9,3.15,13809.6,19.31,7.18,124.6,99.146,1009.9,0.62248,0.62231,0.41028,5.70681,-0.72526,-6.13497,-0.42463,1.00616,-3.82593,0.55416,4.49061,10.50716,0.45257,0.67002,7.30724,0.47307,0.95219,-0.0076,-197.17868,0.94998,0.06446,0.74842,2.15972,-0.31817,-0.32896,1.89394,1.09427,0.69992,12.8012,-3.18411,-400,-32.17189,1216.73836,-5.58696,3.0959,0.82281,40.51648,15.73235,0.6462,-0.62619,-1.72559
10/1/2015,18332.079,18565.145,56736,2.3983863,185.567,5,62.6,12397.5,562.637,4054.768,-40776,-99657,1.0954,121.41,0.16,3062.8,12289.5,18922179,-71842.98275,395684,99.5214,1125,1151132,100.5886237,98.96386774,1.59,53083,1827023,2.46,1635.297,-0.6,349540,0.25467,282.667,3.12,13881.5,17.03,8.05,125.3,103.21895,1027,0.13721,0.24158,-0.07573,8.99909,-3.16577,-1.30719,0.0533,0.40331,-9.91178,0.98571,-3.05818,-9.34256,-1.4826,-0.62677,19.51613,1.28331,1.80332,4.25088,75.87487,-0.36921,-1.3663,-3.54286,-0.84637,-0.03818,-0.53704,-11.33829,0.92145,0.13724,-1.46862,-5.60223,-81.81818,37.44534,-86.72288,-0.43443,-0.86321,0.52041,-11.77751,12.18652,0.5618,4.10803,1.68988
1/1/2016,18425.306,18640.558,56923,2.5142698,182,4.9,62.8,12495.1,499.299,4089.853,-40050,-104015,1.1035,115.1,0.36,3122.6,12552.1,19264939,-81831.14798,396264,98.8534,1143,1174205,100.6685392,99.19335436,1.58,53368,1822026,2.29,1696.75,-1.2,566720,0.84305,292.467,3.02,13994,20.49,9.05,126,104.55696,1046.2,0.50855,0.40621,0.3296,4.83173,-1.92204,-2.64901,0.42621,0.78672,-11.25735,0.86528,-1.77884,4.373,0.73917,-5.19675,123.34535,1.95068,2.13748,1.81142,13.90277,0.14658,-0.67128,1.54028,2.00435,0.07945,0.23189,-0.83857,0.53753,-0.27352,-7.04607,3.75791,100,62.13309,231.0306,3.46698,-3.24192,0.81067,20.27177,12.38093,0.55866,1.29628,1.86628
4/1/2016,18611.617,18827.942,57396,2.5593518,185.367,4.9,62.8,12637.4,473.144,4103.589,-39600,-100481,1.1295,107.88,0.37,3236.9,12756.2,19381591,20065.48214,400795,98.4821,1171,1198064,100.7268853,99.66355903,1.48,53577,1834075,1.96,1758.389,3.1,606940,0.31507,314.6,2.85,14058.7,15.68,7.65,126.7,104.13706,969.6,1.01117,1.00525,0.83095,1.79305,1.84982,0.68027,-0.1061,1.13885,-5.23834,0.33586,-1.12525,-3.39759,2.36158,-6.27329,2.6573,3.66092,1.62553,0.60551,-124.52059,1.14343,-0.37561,2.50875,2.0319,0.05796,0.47403,-6.13108,0.39225,0.66128,-14.28571,3.63277,-358.33333,7.09698,-62.62761,7.56781,-5.67574,0.46234,-23.48061,-15.49078,0.55556,-0.4016,-7.3156
7/1/2016,18775.459,18995.777,57784,2.643586933,187.067,4.9,62.9,12759.1,458.681,4153.525,-39027,-99562,1.1163,102.34,0.39,3283.6,12929.2,19573445,-62189.10671,404541,98.7503,1159,1222740,100.5256312,99.56958545,1.47,53310,1838783,1.82,1753.676,6.4,475284,0.18598,335.433,2.75,14179.6,13.23,6.59,127.4,104.25015,961.2,0.88032,0.89141,0.67601,3.29127,0.9171,-0.67568,0.15932,0.96302,-3.05679,1.21689,-1.44614,-0.9146,-1.17414,-5.13244,6.91791,1.44274,1.35609,0.98988,-409.93079,0.93456,0.2724,-1.02447,2.05968,-0.1998,-0.09429,-0.9009,-0.49835,0.25671,-7.31293,-0.26803,106.45161,-21.69177,-40.97228,6.62217,-3.53481,0.8602,-15.57822,-13.86818,0.55249,0.1086,-0.86631
10/1/2016,18968.041,19243.922,58263,2.543421233,187.067,4.8,62.7,12881.5,512.798,4178.499,-41142,-92158,1.078,109.56,0.45,3340.5,13173.6,19976827,-69452.85815,408542,98.7029,1235,1258808,100.8930486,100.0192553,1.53,53404,1851482,2.33,1823.484,-2.8,271120,0.13781,311.667,3.1,14322.3,14.1,6.34,128.1,105.31835,974.3,1.02571,1.30632,0.82895,-3.78901,0,-2.72109,-0.21209,0.95984,11.7984,0.60127,5.42018,-7.43657,-3.43255,7.05171,13.48748,1.73262,1.89084,2.06086,11.6801,0.98902,-0.048,6.52674,2.94977,0.3655,0.45161,4.31818,0.17633,0.6906,28.44037,3.98067,-143.75,-42.95621,-25.9011,-7.08536,12.72727,1.00637,6.52891,-3.82259,0.54945,1.02465,1.35936
1/1/2017,19148.194,19420.467,58727,2.596455333,191.267,4.6,62.9,13049.4,465.199,4196.302,-41488,-85463,1.0661,113.52,0.7,3405,13352.6,19846420,-105673.2043,415379,98.7657,1217,1267739,101.366105,100.7112909,1.68,53551,1865414,2.62,1932.265,10.8,393588,0.1687,303.3,3.4,14547.9,11.69,5.9,128.9,103.64643,1030.4,0.94977,0.91741,0.79639,2.08515,2.24519,-4.1958,0.21254,1.30342,-9.28221,0.42606,0.84098,-7.2647,-1.10241,3.62114,55.94901,1.9297,1.35872,-0.65279,52.15098,1.6736,0.06363,-1.45749,0.70951,0.46887,0.6919,9.80392,0.27463,0.7525,12.42857,5.96556,-485.71429,45.17114,22.41788,-2.68449,9.52854,1.57493,-17.06633,-6.85295,0.62451,-1.58749,5.75456
4/1/2017,19304.506,19568.667,59116,2.182203667,193.133,4.4,62.9,13134,503.699,4200.521,-43597,-103940,1.1008,111.11,0.95,3510.1,13520.7,19844554,1256.290737,415645,100.1534,1184,1276452,101.2165849,100.6326577,1.51,53303,1872972,2.45,1912.702,1.3,315376,0.18904,316,3.24,14728.6,11.43,5.67,129.7,102.79752,1114,0.81633,0.76311,0.66239,-15.95451,0.97595,-4.37956,0,0.64805,8.27603,0.10054,5.08255,21.61988,3.25438,-2.12307,35.55268,3.08871,1.25858,-0.0094,-101.18885,0.06412,1.40497,-2.71159,0.68729,-0.14751,-0.07808,-10.11905,-0.46373,0.40515,-6.4803,-1.01244,-87.96296,-19.87154,12.05493,4.18727,-4.64431,1.24187,-2.27153,-3.997,0.62064,-0.81904,8.11685
7/1/2017,19561.896,19870.351,59797,2.114432667,194.033,4.3,63,13260.3,547.469,4258.277,-42279,-85766,1.1755,110.95,1.15,3559.6,13638.4,20244900,-47542.69048,419820,99.8425,1182,1277345,101.185288,101.1592505,1.34,53252,1894887,2.41,1964.901,2.4,282788,0.10736,321.5,3.17,14866.6,10.94,5.62,130.6,103.4915,1119,1.33332,1.54167,1.15197,-3.10562,0.466,-0.76336,0.15907,0.96188,8.68971,1.37497,-3.02238,-17.48509,6.78823,-0.14708,21.77973,1.40823,0.87052,2.01741,-3884.37006,1.0043,-0.31039,-0.16892,0.06991,-0.03092,0.52328,-11.25828,-0.09505,1.17007,-1.7663,2.72907,84.61538,-10.33306,-43.20502,1.74051,-2.20955,0.93695,-4.21888,-0.83582,0.69391,0.67509,0.45183
10/1/2017,19894.75,20221.66,60712,2.144440667,195.7,4.2,62.7,13490.7,571.187,4323.177,-44949,-92446,1.1778,112.89,1.2,3611.3,13823.6,20492747,-74985.00509,430398,101.2384,1236,1301943,101.4107589,101.3267752,1.51,53428,1910214,2.59,1779.136,10.8,308540,0.14157,322.5,3.29,15021.9,10.31,5.68,131.4,103.0058,1031.7,1.70154,1.76801,1.53018,1.4192,0.85896,-3.84615,-0.4235,1.73751,4.3323,1.52409,6.31357,7.78863,0.19386,1.74972,4.41869,1.45502,1.35827,1.22424,57.72142,2.51965,1.39807,4.54033,1.92571,0.22283,0.1656,12.43781,0.3305,0.80886,7.46888,-9.45417,350,9.10647,31.86376,0.31104,3.93586,1.04463,-5.81444,1.14137,0.61256,-0.46931,-7.80138
1/1/2018,20155.486,20467.925,61433,2.222466,198.833,4,62.9,13677.4,600.649,4399.035,-46458,-96923,1.2289,108.27,1.45,3635.6,13907.6,21089643,-124918.5672,432563,101.8012,1298,1345514,101.5195446,101.3818068,1.63,53821,1933516,3.09,1927.686,2.6,132968,0.0409,333.1,3.74,15282.2,17.35,6.04,132.4,104.63475,1097.1,1.31058,1.21783,1.18757,3.63849,1.60109,-3.2,0.26582,1.38342,5.15803,1.75468,3.35716,4.84283,4.34156,-4.09387,20.11549,0.67075,0.60782,2.91272,66.5914,0.50318,0.55595,5.04451,3.34664,0.10727,0.05431,8.40708,0.73495,1.2199,19.43372,8.34956,-75.92593,-56.90413,-71.10802,3.28682,13.65124,1.73281,68.36303,6.38048,0.76104,1.58142,6.33239
4/1/2018,20470.197,20772.518,62309,2.530544333,202.567,3.9,62.9,13850.8,603.892,4459.343,-44120,-94154,1.1922,109.14,1.74,3673.5,14043.4,21195070,-2466.440054,437381,102.9768,1275,1353560,101.5138616,101.2513522,1.57,53768,1943432,3.45,1958.009,2.2,-36956,0.08029,332.267,4.01,15493,15.34,6.23,133.3,103.54111,1124.3,1.56142,1.48815,1.42594,13.862,1.87762,-2.47934,0.10604,1.26828,0.53992,1.37094,-5.0311,-2.85691,-2.98616,0.80773,20.03615,1.04311,0.97589,0.4999,-98.02556,1.11375,1.15477,-1.77196,0.59796,-0.0056,-0.12868,-3.87755,-0.09848,0.51285,11.63793,1.57303,-15.38462,-127.79315,96.28392,-0.25018,7.34266,1.3796,-11.62364,2.98832,0.67976,-1.0452,2.47934
7/1/2018,20687.278,20958.32,62872,2.471481667,203.767,3.8,62.8,13988.8,679.7,4518.57,-49931,-119449,1.1629,111.5,1.93,3682.3,14151.5,21516058,-57298.91542,439420,103.8441,1249,1334397,101.4505936,101.4385518,1.36,53585,1967699,3.46,1972.299,-5.2,419264,0.3518,305.533,4.03,15714.6,12.86,6.28,134.3,104.00623,1193.3,1.06047,0.89446,0.90356,-2.33399,0.5924,-4.23729,-0.21186,0.99609,12.55324,1.32816,13.1708,26.86556,-2.45997,2.16103,10.897,0.23976,0.76976,1.51445,2223.14243,0.46611,0.84223,-2.06536,-1.41572,-0.06232,0.18489,-13.58811,-0.33911,1.24865,0.19305,0.72982,-336.36364,-1234.49508,338.17986,-8.04575,0.47902,1.43011,-16.17392,0.81538,0.75019,0.44921,6.14326
10/1/2018,20819.269,21094.695,63180,2.452050667,202.633,3.8,62.9,14102.9,671.171,4599.679,-52355,-129323,1.1414,112.77,2.22,3740.3,14295.5,21974096,-106311.0195,441443,103.9783,1166,1300523,101.3629061,100.9549111,1.1,54212,1992968,3.67,1982.179,1.2,350384,0,307.167,4.21,15945.8,21.05,6.98,135.3,105.54691,1306.5,0.63803,0.6507,0.48988,-0.78621,-0.55619,1.76991,0.21231,0.81589,-1.25482,1.79501,4.85467,8.26629,-1.8463,1.13644,15.25873,1.57588,1.01793,2.12882,85.53758,0.46046,0.1293,-6.64709,-2.5385,-0.08643,-0.47678,-18.91892,1.16947,1.28421,5.97303,0.50094,-123.07692,-16.42879,-100,0.53458,4.4241,1.47146,63.75466,11.28292,0.7446,1.48133,9.48603
1/1/2019,21013.085,21299.154,63701,2.387288333,199.7,3.9,63.1,14145.9,697.812,4693.863,-48292,-115479,1.1354,110.19,2.4,3721.9,14456.1,22027880,-124079.716,441097,103.0103,1185,1310207,101.1187307,100.3662607,1.1,54775,2022082,3.2,1964.614,4.8,266372,0.19699,326.233,3.82,16185.2,16.47,6.76,136.1,104.82935,1505.3,0.93095,0.96924,0.82463,-2.64115,-1.44761,0.86957,0.21186,0.30466,3.96933,2.04762,-7.76043,-10.70498,-0.53023,-2.28903,8.18289,-0.49292,1.1234,0.24476,16.71388,-0.07838,-0.93103,1.65856,0.7446,-0.24089,-0.58308,0,1.0379,1.4608,-12.81818,-0.88615,300,-23.97712,#N/A,6.20727,-9.42294,1.50113,-21.77752,-3.22981,0.59128,-0.67985,15.21074
4/1/2019,21272.448,21562.375,64414,2.408969333,201.367,3.6,62.9,14323.8,699.323,4751.406,-49418,-116484,1.1237,109.95,2.4,3812.7,14635.4,22023283,-18646.73363,447894,102.3855,1267,1367129,101.4672933,99.80278292,1.3,54061,2038244,2.78,2007.327,-2.3,259956,0.09794,329.1,3.46,16283.3,15.18,6.2,137,103.52961,1410.6,1.23429,1.23583,1.11929,0.90819,0.83459,-6.03448,-0.21142,1.25737,0.21653,1.22592,2.33094,0.87029,-1.02835,-0.21633,-0.18383,2.43881,1.24003,-0.02087,-84.97197,1.54093,-0.60648,6.94796,4.3445,0.34471,-0.56142,17.87879,-1.30291,0.79929,-13.13869,2.17412,-147.91667,-2.40866,-50.2809,0.87872,-9.19355,0.60632,-7.80677,-8.20379,0.66128,-1.23986,-6.29124
7/1/2019,21531.839,21813.003,65104,2.565620333,199.433,3.6,63.1,14482.2,690.782,4787.303,-47132,-109789,1.112,107.33,2.19,3872.4,14889.8,22719402,-79090.83222,453387,102.4435,1304,1424986,101.0075,99.1367235,1.37,54000,2046714,2.27,1985.362,0,206888,0.43907,372.633,3.13,16459.6,15.96,5.78,138,105.51538,1421.8,1.21938,1.16234,1.0712,6.50282,-0.96011,0,0.3178,1.10585,-1.22132,0.7555,-4.62584,-5.74757,-1.03676,-2.38175,-8.55894,1.56797,1.73807,3.16083,324.15382,1.22641,0.05662,2.89321,4.23203,-0.45314,-0.66738,5.9126,-0.11222,0.41557,-18.12725,-1.09424,-100,-20.41422,348.30849,13.228,-9.68028,1.08291,5.11848,-6.86327,0.72993,1.91807,0.79637
10/1/2019,21706.532,21961.573,65537,2.749306333,198.867,3.6,63.3,14619.1,596.392,4801.462,-41622,-99998,1.1075,108.68,1.65,3962.8,15259.5,23201380,-118859.4722,455822,101.8781,1410,1457200,101.3645235,98.88735424,1.42,53739,2044779,2.18,2072.258,0.8,293536,0.10494,370.867,3.16,16626.2,13.99,5.63,138.9,106.88663,1448.9,0.81132,0.68111,0.66509,7.15952,-0.28414,-0.91743,0.26399,0.9453,-13.66422,0.29576,-11.68986,-8.91802,-0.41165,1.25994,-24.93058,2.33215,2.48294,2.12144,50.28224,0.537,-0.55195,8.10327,2.26065,0.35346,-0.25154,3.64078,-0.48456,-0.09454,-4.2522,4.37683,#N/A,41.8816,-76.09891,-0.4741,0.90954,1.01217,-12.37065,-2.57576,0.65217,1.29957,1.90603
1/1/2020,21538.032,21794.019,64965,2.752460667,196.367,3.8,63.1,14440.2,496.983,4875.929,-42843,-100447,1.1022,108.93,1.25,4066.6,15601.4,23223813,-129017.8862,447621,100.2257,1468,1500747,100.988638,98.91782105,1.42,53255,2027517,2.07,1938.608,-15.3,99852,0.20891,400.033,2.98,16784.6,31.22,6.36,140,107.827,1801.2,-0.77626,-0.76294,-0.87279,0.11473,-1.25712,5.55556,-0.36862,-1.22374,-16.6684,1.55092,2.93192,0.44901,-0.47522,0.22869,-23.74178,2.61958,2.24068,0.09669,8.54658,-1.79902,-1.62194,4.13809,2.9884,-0.37083,0.03081,0,-0.90066,-0.8442,-4.74732,-6.44949,-2012.5,-65.98305,99.06934,7.86446,-5.52984,0.95251,123.25901,12.97076,0.79194,0.87978,24.315
4/1/2020,19636.731,19805.951,59200,2.122902,188.433,13,60.8,13049.8,-26.352,8896.416,-52267,-149227,1.1016,107.52,0.06,12776.6,17637.6,26477241,-666915.3677,432120,87.3779,1082,1457248,98.75895083,98.60122033,1.42,50107,1950089,1.41,1822.599,-60.9,75584,0,429.933,2.71,18381.2,34.49,7.57,140.6,134.83528,4852.1,-8.82764,-9.12208,-8.87401,-22.87258,-4.04006,241.22807,-3.59408,-9.6287,-105.30239,82.45582,21.99832,48.56292,-0.05685,-1.30149,-95.31524,214.18757,13.05137,14.00902,416.91699,-3.46312,-12.81887,-26.31698,-2.89849,-2.20786,-0.32006,0,-5.91122,-3.81886,-31.8328,-5.98414,298.03922,-24.30397,0,7.47438,-9.23156,9.51229,10.46977,19.01974,0.42857,25.04779,169.38337
7/1/2020,21362.428,21562.441,64370,2.238408667,194.267,8.8,61.5,14388.7,421.931,7116.015,-59957,-167262,1.1698,106.1,0.09,16902.4,18359.6,26945391,-129232.4333,485384,95.5823,1456,1490264,98.8147062,100.4235386,1.42,45807,1935150,0.83,2390.745,59.5,131360,0.0513,485.2,2.46,17781.7,25.81,5.73,141.4,126.1345,2923.9,8.78811,8.8685,8.73311,5.44098,3.0957,-31.87661,1.20614,10.26046,-1701.13464,-20.01256,14.71218,12.08561,6.19497,-1.31275,57.52133,32.29165,4.09375,1.76812,-80.62236,12.32629,9.3896,34.6379,2.26564,0.05646,1.84817,0,-8.58103,-0.76608,-41.50943,31.1723,-197.70115,73.7934,0,12.85471,-8.97727,-3.26148,-25.17781,-24.36176,0.56899,-6.4529,-39.73991
10/1/2020,21704.706,21867.367,65367,1.785781667,198.433,6.8,61.6,14586.1,492.531,5877.529,-62560,-180203,1.1925,104.47,0.09,17608.2,18945.4,27747798,-190966.376,491576,97.087,1582,1552879,99.20882594,101.2138078,1.42,45038,1979497,0.85,2291.749,24.2,145908,0,473.333,2.29,17436.2,25.62,5.02,142.4,127.84231,2392.2,1.60224,1.41415,1.54886,-20.22093,2.14482,-23.39623,0.05417,1.37144,16.73259,-17.40421,4.34089,7.73696,1.94257,-1.53647,-4.10798,4.17537,3.19074,2.9779,47.7697,1.27576,1.57425,8.60609,4.20156,0.39885,0.78694,0,-1.67878,2.29167,2.41935,-4.1408,-59.32773,11.07491,0,-2.44573,-7.14286,-1.94282,-0.72528,-12.39381,0.70721,1.35396,-18.18576
1/1/2021,22313.85,22511.17,67213,1.583668333,210.133,6.2,61.4,15131.5,386.294,8178.958,-64381,-175550,1.2045,106.17,0.08,18331.8,19591.3,28132570,-377782.0168,519616,97.431,1575,1601550,99.41645943,101.7778383,1.42,45149,2022404,1.05,2587.196,0.4,255556,0.22117,453.633,2.28,19586.5,23.2,4.35,143.7,126.07672,3988.7,2.80651,2.94413,2.82405,-11.31792,5.89619,-8.37438,-0.27071,3.73941,-21.56961,39.1564,2.91189,-2.58209,1.00556,1.62769,-13.41765,4.10998,3.40899,1.38668,97.82646,5.70396,0.35436,-0.44257,3.13427,0.20929,0.55727,0,0.24646,2.16755,24.40945,12.89177,-98.34711,75.14872,0,-4.16197,-0.52018,12.33237,-9.44222,-13.34783,0.91292,-1.38107,66.74145
4/1/2021,23046.934,23192.674,69387,2.491358,223.9,5.9,61.6,15813.5,379.226,7649.622,-67703,-200219,1.205,109.43,0.07,19173.1,20329.6,28529436,-177231.0246,548757,98.983,1582,1627899,99.83977263,101.7622062,1.42,46144,2048013,1.25,2824.269,4.9,349196,0,453.467,2.31,18277.8,18,4.21,144.7,123.78842,1978.6,3.28533,3.0274,3.23449,57.31564,6.5514,-4.30108,0.32573,4.50737,-1.82969,-6.47192,5.15885,14.05241,0.04224,3.06755,-11.24627,4.58895,3.76875,1.4107,-53.08643,5.60825,1.59289,0.44454,1.64524,0.4258,-0.01536,0,2.20308,1.26627,18.67089,9.16332,1125,36.64168,0,-0.03674,1.43034,-6.68163,-22.42202,-3.09696,0.69589,-1.81501,-50.39528
7/1/2021,23550.42,23718.255,70833,2.432303667,233.648,5.1,61.7,16147.3,457.056,6709.184,-72642,-226725,1.1784,110.07,0.09,19628.1,20725.9,28428919,-178076.4644,542543,99.77,1576,1664145,98.73989751,101.5798074,1.42,47115,2112443,1.19,2827.118,-1.1,539160,0,448.491,2.17,18312,18.29,4.07,146.5,120.71513,1669.1,2.18461,2.26615,2.08396,-2.37037,4.35358,-13.48315,0.21645,2.11064,20.52338,-12.29391,7.29513,13.2385,-2.20973,0.58627,31.88406,2.37344,1.94953,-0.35233,0.47703,-1.13238,0.79509,-0.3372,2.22651,-1.10164,-0.17924,0,2.10502,3.14599,-5.06667,0.10088,-122.44898,54.40039,0,-1.09725,-5.96745,0.18711,1.59635,-3.29036,1.24395,-2.4827,-15.64237
10/1/2021,24349.121,24530.587,73168,3.244694,241.697,4.2,61.9,16518,725.95,6079.752,-75798,-228951,1.1437,113.64,0.08,20256.4,21326.9,29617215,-125897.8456,560481,100.7959,1690,1722085,98.02666116,101.5260323,1.42,50633,2210435,1.58,2760.777,23.5,499196,0.0994,446.814,2.34,18356.1,19.28,4.4,148.1,121.63566,1337.1,3.39145,3.42492,3.29649,33.40004,3.44493,-18.18182,0.26998,2.29574,58.83174,-9.38165,4.34553,0.98181,-2.94931,3.24373,-11.71498,3.2007,2.89956,4.17988,-29.30124,3.30634,1.02823,7.23197,3.48169,-0.72234,-0.05294,0,7.46684,4.63877,33.42697,-2.34659,-2236.36364,-7.41227,0,-0.37385,7.69231,0.24046,5.40162,8.10724,1.09215,0.76256,-19.89096
1/1/2022,24740.48,24929.184,74301,4.284717333,253.042,3.8,62.3,16874.8,783.017,5891.599,-92000,-283899,1.1216,116.36,0.12,20614,21683.6,30400960,-96857.76016,579862,101.7258,1718,1823275,97.38943655,101.0022606,1.42,55221,2343497,2.4,2833.431,-4.6,327296,0,446.814,3.04,18174.4,25.37,5.36,150.1,122.87943,784.9,1.60728,1.6249,1.54849,32.05305,4.69418,-9.52381,0.59235,2.15987,7.86101,-3.09475,21.37426,23.9999,-1.92867,2.38689,52.8439,1.76567,1.67279,2.64625,-23.06639,3.45786,0.92256,1.61704,5.87602,-0.65005,-0.5159,0,9.06194,6.01974,51.57895,2.63165,-119.57447,-34.43537,0,0,30.19737,-0.98986,31.63527,21.75209,1.35044,1.02254,-41.29833
4/1/2022,25248.476,25456.409,75748,5.043240667,272.937,3.6,62.2,17261.4,669.201,5935.195,-83647,-248784,1.0646,129.73,0.77,20646.1,21670.4,30568582,51050.3288,595836,102.7528,1636,1878944,96.56019421,100.381711,1.42,59596,2455719,3.79,3043.114,13.8,360620,0.10095,446.814,4.45,18389.8,27.4,7.25,152.1,121.071,591.1,2.0533,2.11489,1.94748,17.703,7.86232,-5.26316,-0.05353,2.29099,-14.53557,0.73997,-9.07866,-12.36884,-5.08414,11.49303,531.41068,0.15531,-0.0613,0.55137,-152.70649,2.75485,1.00964,-4.77392,3.05326,-0.85147,-0.61439,0,7.92266,4.78866,57.77778,7.40032,-400,10.18161,0,0,46.18494,1.18537,7.98306,35.23,1.33245,-1.47171,-24.6868
7/1/2022,25723.941,25885.432,77064,6.003276333,269.906,3.6,62.2,17542.7,612.164,6063.491,-70238,-222757,1.0066,138.35,2.18,20392.2,21543.4,30928912,-286773.8267,595830,103.2985,1446,1851159,96.37664394,99.73140167,1.42,61048,2516988,4.21,2890.812,14.6,463364,0.18767,446.814,4.88,18733,24.79,8.17,153.9,120.23396,608.5,1.88314,1.68532,1.73734,19.03609,-1.11063,-0.92593,0,1.62965,-8.52315,2.16161,-16.03119,-10.46169,-5.44931,6.64926,184.67622,-1.22977,-0.58588,1.17876,-661.74727,-0.00112,0.53105,-11.5753,-1.47877,-0.19009,-0.64784,0,2.43639,2.49497,11.17958,-5.00481,5.7971,28.49093,85.90391,0,9.66125,1.86607,-9.51043,12.67451,1.18343,-0.69136,2.93786
10/1/2022,26137.992,26289.489,78191,6.484403333,262.038,3.6,62.2,17749.9,707.738,6229.524,-71178,-216154,1.0218,141.36,3.65,19987.2,21409.3,31419689,-140444.4845,594538,102.6556,1405,1837860,96.84239929,99.19111208,1.42,61095,2537703,5.05,2721.294,-3.7,304884,0.1449,446.814,5.96,19025.1,25,8.81,155.6,120.20697,647.9,1.60959,1.56094,1.46242,8.01441,-2.91497,0.93458,0,1.18131,15.61248,2.73824,1.33831,-2.96422,1.51399,2.17466,67.36045,-1.98609,-0.62239,1.58679,-51.02605,-0.21684,-0.62234,-2.83475,-0.71843,0.48327,-0.54174,0,0.07699,0.82301,19.95249,-5.86403,-125.34247,-34.20205,-22.78823,0,22.09614,1.55964,0.84674,7.86283,1.10461,-0.02245,6.48042
